{"id":"9b64914a-b4c2-477c-bfb6-06512428b8b4","name":"Development","values":[{"key":"service_base_url","value":"http://localhost:8000","enabled":true,"type":"default"},{"key":"access_token","value":"","enabled":true,"type":"default"},{"key":"employeeId","value":"1234","enabled":true,"type":"default"},{"key":"oauth2ClientId","value":"sOr3UTEwwuHrj5nyxpDVNJnK5GuoHEsN","enabled":true,"type":"default"},{"key":"oauth2ClientSecret","value":"8tx6He8lOpQVVD2pBVZzfo6Zgz4kmUfI","enabled":true,"type":"default"}]}