{"id":"b2ccd329-02ce-4fe2-a209-d66a27266ec6","name":"Production","values":[{"key":"service_base_url","value":"http://localhost:8000","enabled":true,"type":"default"},{"key":"access_token","value":"","enabled":true,"type":"default"},{"key":"employeeId","value":"1234","enabled":true,"type":"default"},{"key":"oauth2ClientId","value":"sOr3UTEwwuHrj5nyxpDVNJnK5GuoHEsN","enabled":true,"type":"default"},{"key":"oauth2ClientSecret","value":"8tx6He8lOpQVVD2pBVZzfo6Zgz4kmUfI","enabled":true,"type":"default"}]}