{"info":{"_postman_id":"c96550c5-cc7c-42b9-ac7f-111bb047a4a6","name":"Employees Directory","schema":"https://schema.getpostman.com/json/collection/v2.1.0/collection.json"},"item":[{"name":"KeyCloak","item":[{"name":"Get Token","event":[{"listen":"test","script":{"id":"805b3877-0826-438c-aee8-ceea75e074cc","exec":["pm.test(\"Set access_token variable with the access_token in the response\", function () {","    pm.environment.set(\"access_token\", pm.response.json().access_token);","});",""],"type":"text/javascript","packages":{}}}],"id":"809bc93b-f09e-4129-afc3-9f694dd45fd2","protocolProfileBehavior":{"disableBodyPruning":true},"request":{"auth":{"type":"basic","basic":[{"key":"password","value":"{{oauth2ClientSecret}}","type":"string"},{"key":"username","value":"{{oauth2ClientId}}","type":"string"}]},"method":"POST","header":[{"key":"content-type","value":"application/x-www-form-urlencoded"},{"key":"accept","value":"application/x-www-form-urlencoded, application/json"}],"body":{"mode":"urlencoded","urlencoded":[{"type":"text","key":"grant_type","value":"client_credentials"}]},"url":{"raw":"http://localhost:8080/realms/insomnia-demo/protocol/openid-connect/token","protocol":"http","host":["localhost"],"port":"8080","path":["realms","insomnia-demo","protocol","openid-connect","token"]},"description":"Generated from cURL: curl -s -X POST https://dev-78362292.okta.com/oauth2/default/v1/token -H \"content-type: application/x-www-form-urlencoded\" -H \"accept: application/x-www-form-urlencoded, application/json\" -H \"Authorization: Basic MG9hOHQ5ZHlyOTQ3TEdrYTc1ZDc6ZFNFMHVNd3l6SnlaQllieURrX3VnNGVMblNHaUVpVDlJUnQzNkk5aA==\" -d \"grant_type=client_credentials&scope=read%3Aemployees\""},"response":[]}],"id":"a35c0ace-bdc8-4ab2-b5d2-6811e47014a6"},{"name":"Employees Directory Service","item":[{"name":"Get All Employees","event":[{"listen":"prerequest","script":{"id":"3c38a4e0-2b98-4de9-9ea9-7257e863295f","exec":[""],"type":"text/javascript","packages":{}}},{"listen":"test","script":{"id":"9a04e474-f16f-42d8-9af7-ecaa2ae66d54","exec":["pm.test(\"Check if the array has all expected properties\", () => {","","// Parse the response body as a JSON array","let body = pm.response.json();","","pm.expect(body).to.be.an('array');","","// Iterate through each item in the body array","body.forEach(item => {","    // Check if the item is an object","    pm.expect(item).to.be.an('object');","    // Check if the required properties exist in the object","    pm.expect(item).to.have.property('id');","    pm.expect(item).to.have.property('jobTitle');","    pm.expect(item).to.have.property('name');","    pm.expect(item).to.have.property('email');","});","\t","});","","pm.test('Check if status is 200', () => {","    pm.expect(pm.response.code).to.eql(200);","});"],"type":"text/javascript","packages":{}}}],"id":"d4cc5a8a-e5cb-4e00-856f-7316dec78f99","protocolProfileBehavior":{"disableBodyPruning":true},"request":{"method":"GET","header":[{"key":"Authorization","value":"Bearer {{access_token}}"}],"url":{"raw":"{{service_base_url}}/api/employees","host":["{{service_base_url}}"],"path":["api","employees"]},"description":"Generated from cURL: curl -s http://demo.mackong.com/api/employees -H \"Authorization: Bearer $TOKEN\""},"response":[]},{"name":"Create Employee","event":[{"listen":"test","script":{"id":"ba8833ce-e102-4079-99c3-831df228cac8","exec":["pm.test('Check if status is 201', () => {"," pm.expect(pm.response.code).to.eql(201);","});"],"type":"text/javascript","packages":{}}}],"id":"edc5ff73-a3c5-40ad-bd7f-c198c9493a63","protocolProfileBehavior":{"disableBodyPruning":true},"request":{"method":"POST","header":[{"key":"Authorization","value":"Bearer {{access_token}}"}],"body":{"mode":"raw","raw":"{\n    \"id\": \"1234\",\n    \"name\": \"John Doe\",\n    \"jobTitle\": \"Solutions Engineer\",\n    \"email\": \"john@email.com\"\n}","options":{"raw":{"language":"json"}}},"url":{"raw":"{{service_base_url}}/api/employees","host":["{{service_base_url}}"],"path":["api","employees"]},"description":"Generated from cURL: curl -s -X POST http://demo.mackong.com/api/employees -H \"Authorization: Bearer $TOKEN\" -d '{\"id\": \"15\",\"name\": \"Jane Doe\",\"jobTitle\": \"Solutions Engineer\",\"email\": \"email.com\"}'"},"response":[]},{"name":"Get Employee by ID","event":[{"listen":"test","script":{"id":"a0319c31-59d9-4a97-82b0-1b817450fa9a","exec":["pm.test(\"The response has all properties\", () => {",""," const responseJson = pm.response.json();"," pm.expect(responseJson.id).to.have.lengthOf(4);"," pm.expect(responseJson.id).to.eql('1234');","\t"," pm.expect(responseJson.name).to.be.a('string');"," pm.expect(responseJson.name).to.eql('John Doe');","\t"," pm.expect(responseJson.jobTitle).to.be.a('string');"," pm.expect(responseJson.jobTitle).to.eql('Solutions Engineer');",""," pm.expect(responseJson.email).to.be.a('string');"," pm.expect(responseJson.email).to.eql('john@email.com');","","});","","pm.test('Check if status is 200', () => {","    pm.expect(pm.response.code).to.eql(200);","});"],"type":"text/javascript","packages":{}}},{"listen":"prerequest","script":{"id":"cb8ccbcb-7218-4c2a-b84d-83ac3c59ea53","exec":[""],"type":"text/javascript","packages":{}}}],"id":"3322f7c5-40f1-427e-b1dd-79630f8374c1","protocolProfileBehavior":{"disableBodyPruning":true},"request":{"method":"GET","header":[{"key":"Authorization","value":"Bearer {{access_token}}"}],"url":{"raw":"{{service_base_url}}/api/employees/{{employeeId}}","host":["{{service_base_url}}"],"path":["api","employees","{{employeeId}}"]},"description":"Generated from cURL: curl -s http://demo.mackong.com/api/employees/15 -H \"Authorization: Bearer $TOKEN\""},"response":[]},{"name":"Delete Employee by ID","event":[{"listen":"test","script":{"id":"a0319c31-59d9-4a97-82b0-1b817450fa9a","exec":["pm.test('Check if status is 200', () => {","    pm.expect(pm.response.code).to.eql(200);","});"],"type":"text/javascript","packages":{}}},{"listen":"prerequest","script":{"id":"cb8ccbcb-7218-4c2a-b84d-83ac3c59ea53","exec":[""],"type":"text/javascript","packages":{}}}],"id":"f6b4090c-c179-4734-9a4d-515655cd43d7","protocolProfileBehavior":{"disableBodyPruning":true},"request":{"method":"DELETE","header":[{"key":"Authorization","value":"Bearer {{access_token}}"}],"url":{"raw":"{{service_base_url}}/api/employees/{{employeeId}}","host":["{{service_base_url}}"],"path":["api","employees","{{employeeId}}"]},"description":"Generated from cURL: curl -s http://demo.mackong.com/api/employees/15 -H \"Authorization: Bearer $TOKEN\""},"response":[]}],"id":"621318b9-a9ab-4e94-a592-2a9ea3fef447","description":"_Kong Insomnia demonstration_"}]}